Rk,Player,WAR/pos,From,To,Age,G,PA,AB,R,H,2B,3B,HR,RBI,BB,IBB,SO,HBP,SH,SF,GDP,SB,CS,BA,OBP,SLG,OPS,Pos,Tm
1,Albert Pujols\pujolal01,99.4,2001,2018,21-38,2582,11219,9762,1725,2975,620,16,615,1921,1251,307,1151,102,1,103,363,110,41,0.305,0.386,0.561,0.946,*3D75/9H64,STL-LAA
2,Adrian Beltre\beltrad01,93.5,1998,2018,19-39,2821,11680,10664,1478,3055,616,37,462,1643,816,110,1640,91,14,95,267,120,42,0.286,0.34,0.481,0.821,*5D/H64,LAD-SEA-BOS-TEX
3,Miguel Cabrera\cabremi01,68.9,2003,2018,20-35,2231,9555,8344,1375,2643,548,17,463,1618,1068,227,1630,60,5,78,295,38,21,0.317,0.395,0.553,0.948,3579/DH,FLA-DET
4,Robinson Cano\canoro01,65.9,2005,2018,22-35,2003,8518,7825,1150,2386,515,33,301,1185,552,106,1054,75,10,56,253,51,38,0.305,0.354,0.495,0.849,*4/DH6,NYY-SEA
5,Chase Utley\utleych01,65.6,2003,2018,24-39,1855,7690,6705,1085,1853,401,57,258,1012,709,61,1163,199,6,71,90,152,21,0.276,0.359,0.469,0.828,*4H/3D5,PHI-LAD
6,Ichiro Suzuki\suzukic01,59.9,2001,2018,27-44,2640,10697,9901,1416,3083,362,96,117,780,643,181,1075,55,50,48,92,509,117,0.311,0.355,0.403,0.758,*98H7/D1,SEA-NYY-MIA
7,Joey Votto\vottojo01,55.3,2007,2018,23-34,1434,6162,5079,863,1589,344,17,257,830,997,132,1093,48,0,38,117,72,29,0.313,0.427,0.539,0.967,*3/H7D,CIN
8,Ian Kinsler\kinslia01,54.9,2006,2018,24-36,1674,7488,6682,1149,1827,378,41,234,839,634,11,928,85,32,55,141,225,63,0.273,0.341,0.447,0.789,*4/DH5,TEX-DET-LAA
9,Mike Trout\troutmi01,54.2,2011,2018,19-26,932,4099,3429,698,1047,203,40,203,574,575,61,878,55,0,40,48,166,32,0.305,0.409,0.565,0.975,*87/D9H,LAA
10,Joe Mauer\mauerjo01,53.9,2004,2018,21-35,1735,7439,6462,957,1992,403,29,137,876,892,140,950,23,5,57,199,52,18,0.308,0.391,0.443,0.834,*23D/H9,MIN
11,Dustin Pedroia\pedrodu01,52.3,2006,2017,22-33,1503,6743,6000,920,1802,394,15,140,724,621,25,651,38,25,59,152,138,46,0.3,0.366,0.441,0.807,*4/HD6,BOS
12,David Wright\wrighda03,50.4,2004,2016,21-33,1583,6869,5996,949,1777,390,26,242,970,761,73,1292,45,0,65,152,196,65,0.296,0.376,0.491,0.867,*5/HD6,NYM
13,Evan Longoria\longoev01,50,2008,2018,22-32,1440,6170,5469,781,1472,338,19,262,894,569,77,1226,55,1,76,148,51,15,0.269,0.34,0.482,0.821,*5/DH6,TBR-SFG
14,Curtis Granderson\grandcu01,46.8,2004,2018,23-37,1803,7562,6596,1116,1666,309,93,319,866,831,29,1717,60,29,46,58,151,47,0.253,0.339,0.473,0.812,*89H/7D,DET-NYY-NYM-LAD-TOR
15,Ryan Braun\braunry02,45.3,2007,2018,23-34,1462,6267,5649,939,1703,346,45,304,995,513,50,1152,65,0,38,151,194,55,0.301,0.364,0.54,0.904,*795/HD38,MIL
16,Troy Tulowitzki\tulowtr01,44.1,2006,2017,21-32,1286,5402,4793,761,1389,263,24,224,779,509,48,896,47,10,43,145,57,32,0.29,0.361,0.495,0.856,*6/HD,COL-TOR
17,Adrian Gonzalez\gonzaad01,42.8,2004,2018,22-36,1880,7880,6987,983,2015,433,12,311,1177,771,155,1370,44,4,71,202,6,7,0.288,0.359,0.487,0.847,*3/HD9,TEX-SDP-BOS-LAD-NYM
18,Ben Zobrist\zobribe01,42.1,2006,2018,25-37,1469,6159,5291,793,1394,317,41,157,694,757,34,911,28,25,58,110,113,45,0.263,0.355,0.428,0.783,*4967/H8D35,TBD-TBR-KCR-OAK-CHC
19,Andrew McCutchen\mccutan01,39.3,2009,2018,22-31,1352,5854,5057,815,1465,293,44,203,725,686,63,1044,61,3,47,83,171,67,0.29,0.378,0.485,0.864,*8/9HD,PIT-SFG
20,Buster Posey\poseybu01,38.3,2009,2018,22-31,1045,4283,3792,508,1169,226,8,128,594,408,58,512,35,0,48,119,21,7,0.308,0.376,0.473,0.85,*23/HD,SFG
21,Hanley Ramirez\ramirha01,37.9,2005,2018,21-34,1613,6905,6152,1023,1789,369,32,264,886,639,65,1189,69,11,34,127,279,92,0.291,0.362,0.49,0.852,*63D/57H,FLA-MIA-LAD-BOS
22,Josh Donaldson\donaljo02,37.2,2010,2018,24-32,838,3628,3129,533,866,180,12,176,532,432,15,682,36,5,26,74,33,6,0.277,0.368,0.511,0.879,*5/D2H63,OAK-TOR
23,Yadier Molina\molinya01,37.1,2004,2018,21-35,1753,6729,6119,605,1737,336,7,129,791,456,49,660,52,42,60,227,57,34,0.284,0.336,0.404,0.74,*2/H3D,STL
24,Jose Reyes\reyesjo01,36.8,2003,2018,20-35,1769,7997,7331,1150,2095,375,128,141,703,568,55,876,11,49,38,77,512,126,0.286,0.336,0.43,0.766,*6/54H78,NYM-MIA-TOR-COL
25,Ryan Zimmerman\zimmery01,36.7,2005,2018,20-33,1558,6641,5962,884,1667,371,20,252,940,585,42,1219,29,1,63,190,42,15,0.28,0.344,0.475,0.819,*53/H7D6,WSN
26,Russell Martin\martiru01,35.8,2006,2018,23-35,1525,6064,5218,739,1316,242,9,176,729,708,43,1073,92,12,34,182,100,48,0.252,0.35,0.403,0.753,*2/H5D49,LAD-NYY-PIT-TOR
27,Giancarlo Stanton\stantmi03,35.2,2010,2018,20-28,992,4151,3604,581,965,204,10,270,678,491,74,1153,36,0,19,73,36,14,0.268,0.36,0.555,0.914,*9/HD78,FLA-MIA-NYY
28,Brett Gardner\gardnbr01,34.8,2008,2018,24-34,1224,4869,4228,701,1112,184,54,85,406,499,6,903,54,61,27,43,241,57,0.263,0.346,0.392,0.739,*78/HD9,NYY
29,Paul Goldschmidt\goldspa01,34.7,2011,2018,23-30,940,4050,3404,618,1012,233,14,176,629,574,92,893,27,0,37,92,117,28,0.297,0.399,0.529,0.928,*3/HD,ARI
30,Victor Martinez\martivi01,33.4,2002,2018,23-39,1844,7678,6848,882,2042,404,3,237,1129,699,115,843,51,0,80,246,7,7,0.298,0.364,0.462,0.826,2D3/H,CLE-BOS-DET
31,Jason Heyward\heywaja01,33.3,2010,2018,20-28,1108,4523,3985,570,1043,201,26,116,464,467,16,799,40,4,19,67,101,35,0.262,0.344,0.413,0.756,*9/8H,ATL-STL-CHC
32,Alex Gordon\gordoal01,32.8,2007,2018,23-34,1416,5879,5180,719,1339,299,25,160,608,565,40,1277,89,7,35,90,96,40,0.258,0.34,0.419,0.758,*75/3H8D96,KCR
33,Adam Jones\jonesad01,32.2,2006,2018,20-32,1547,6405,5972,846,1658,277,28,254,822,287,17,1208,90,8,48,156,88,33,0.278,0.318,0.461,0.779,*8/H7D9,SEA-BAL
34,Justin Upton\uptonju01,31.2,2007,2018,19-30,1496,6227,5483,879,1473,307,37,257,815,636,48,1548,58,3,45,107,138,53,0.269,0.348,0.479,0.827,*97/HD8,ARI-ATL-SDP-DET-LAA
35,Jacoby Ellsbury\ellsbja01,31.1,2007,2017,23-33,1235,5375,4846,749,1376,241,47,104,512,399,19,737,46,21,32,82,343,71,0.284,0.342,0.417,0.76,*8/7H9D,BOS-NYY
36,Brian McCann\mccanbr01,30.7,2005,2018,21-34,1611,6334,5613,697,1486,282,5,263,951,592,70,964,69,9,51,163,25,8,0.265,0.339,0.457,0.797,*2H/D3,ATL-NYY-HOU
37,Shin-Soo Choo\choosh01,30.6,2005,2018,22-35,1328,5735,4881,774,1356,276,26,170,647,687,37,1229,123,9,35,84,130,51,0.278,0.378,0.449,0.828,*98D7/H,SEA-CLE-CIN-TEX
38,Hunter Pence\pencehu01,30.6,2007,2018,24-35,1516,6405,5866,815,1652,297,52,220,853,480,18,1196,23,1,35,145,109,53,0.282,0.337,0.462,0.799,*9/8H7D,HOU-PHI-SFG
39,Nelson Cruz\cruzne02,30.5,2005,2018,24-37,1427,5833,5245,770,1449,280,12,325,918,496,48,1314,48,2,41,110,75,31,0.276,0.342,0.52,0.862,*9D7/H8,MIL-TEX-BAL-SEA
40,Howie Kendrick\kendrho01,30.5,2006,2018,22-34,1440,5815,5396,704,1569,317,37,104,638,310,30,1010,56,24,29,172,123,45,0.291,0.334,0.421,0.755,*47/3HD598,LAA-LAD-PHI-WSN
41,Edwin Encarnacion\encared01,30.3,2005,2018,22-35,1676,6905,5983,929,1586,331,9,351,1053,768,51,1143,88,0,55,164,58,13,0.265,0.354,0.499,0.854,5D3/H7,CIN-TOR-CLE
42,Jose Altuve\altuvjo01,29.9,2011,2018,21-28,989,4342,3980,568,1262,245,23,84,406,265,34,464,40,21,36,108,232,65,0.317,0.363,0.454,0.816,*4/DH6,HOU
43,Nick Markakis\markani01,29.8,2006,2018,22-34,1845,8035,7160,970,2060,433,18,166,882,766,68,1073,47,4,58,181,63,31,0.288,0.358,0.423,0.781,*9/7DH83,BAL-ATL
44,Martin Prado\pradoma01,29,2006,2017,22-33,1300,5392,4931,622,1437,298,27,97,576,362,16,600,27,24,48,156,39,27,0.291,0.34,0.422,0.762,*547/H369D,ATL-ARI-NYY-MIA
45,Andrelton Simmons\simmoan01,28.7,2012,2018,22-28,788,3159,2913,327,773,137,18,49,286,199,12,290,15,9,23,101,45,20,0.265,0.313,0.375,0.689,*6/H,ATL-LAA
46,Elvis Andrus\andruel01,28.3,2009,2018,20-29,1386,5925,5298,752,1467,254,41,56,526,449,4,786,37,100,40,134,266,94,0.277,0.335,0.372,0.707,*6/DH,TEX
47,Manny Machado\machama01,28,2012,2018,19-25,770,3396,3115,439,868,177,9,138,406,230,16,572,13,14,24,82,40,22,0.279,0.329,0.474,0.803,*5/6,BAL
48,Nolan Arenado\arenano01,27.5,2013,2018,22-27,726,3053,2783,424,806,187,23,149,511,217,36,455,15,4,33,84,11,11,0.29,0.341,0.534,0.875,*5/H,COL
49,Mike Napoli\napolmi01,27.4,2006,2017,24-35,1392,5330,4572,697,1125,224,11,267,744,650,31,1468,69,2,36,114,39,24,0.246,0.346,0.475,0.821,32D/H7,LAA-TEX-BOS-CLE
50,Lorenzo Cain\cainlo01,27.1,2010,2018,24-32,762,3084,2822,404,819,154,22,58,325,207,12,573,31,0,24,75,130,25,0.29,0.343,0.422,0.765,*89/HD7,MIL-KCR
51,Kyle Seager\seageky01,27.1,2011,2018,23-30,1005,4237,3800,480,998,214,11,153,527,363,27,707,43,5,26,74,43,22,0.263,0.332,0.446,0.777,*5/46HD,SEA
52,Freddie Freeman\freemfr01,27,2010,2018,20-28,1032,4333,3757,600,1092,244,16,168,595,493,59,912,52,0,31,81,27,15,0.291,0.378,0.498,0.876,*3/H5D,ATL
53,Chase Headley\headlch01,26.5,2007,2018,23-34,1414,5714,5048,635,1331,271,16,130,592,569,30,1284,59,3,35,111,93,29,0.264,0.343,0.401,0.744,*57/H3D4,SDP-NYY
54,Bryce Harper\harpebr03,26.1,2012,2018,19-25,774,3295,2777,514,791,149,18,154,430,465,54,669,17,9,27,59,62,28,0.285,0.387,0.518,0.905,*978/HD,WSN
55,Anthony Rizzo\rizzoan01,26.1,2011,2018,21-28,913,3927,3364,502,897,204,14,167,537,441,44,661,101,0,21,73,46,27,0.267,0.366,0.485,0.851,*3/H475,SDP-CHC
56,Asdrubal Cabrera\cabreas01,25.6,2007,2018,21-32,1387,5757,5164,695,1394,312,23,139,631,438,22,991,60,51,44,138,86,32,0.27,0.332,0.42,0.752,*64/H5D,CLE-WSN-TBR-NYM
57,Carlos Gomez\gomezca01,24.8,2007,2018,21-32,1314,4745,4300,626,1099,219,39,134,505,290,9,1135,88,41,26,66,252,70,0.256,0.314,0.418,0.732,*8H/79D4,NYM-MIN-MIL-HOU-TEX-TBR
58,Denard Span\spande01,24.4,2008,2018,24-34,1228,5477,4907,711,1388,244,66,60,438,467,9,642,30,52,21,76,176,55,0.283,0.347,0.396,0.744,*89/7HD,MIN-WSN-SFG-TBR
59,Mookie Betts\bettsmo01,24.3,2014,2018,21-25,514,2340,2112,353,618,143,16,79,311,196,12,274,10,4,18,25,82,17,0.293,0.353,0.488,0.84,*98/4HD,BOS
60,Carlos Gonzalez\gonzaca01,24.3,2008,2018,22-32,1206,4908,4451,731,1281,268,36,215,713,394,50,1083,20,7,36,85,118,28,0.288,0.346,0.509,0.855,978/HD,OAK-COL
61,Carlos Santana\santaca01,24.3,2010,2018,24-32,1121,4810,4016,577,998,238,13,175,590,730,38,818,24,0,40,109,41,17,0.249,0.364,0.445,0.809,32D/5H97,CLE-PHI
62,Austin Jackson\jacksau01,23.8,2010,2018,23-31,1003,4294,3868,592,1062,201,52,62,350,348,7,991,21,28,29,73,111,42,0.275,0.335,0.401,0.737,*8/79HD,DET-SEA-CHC-CHW-CLE-SFG
63,Brian Dozier\doziebr01,22.9,2012,2018,25-31,856,3799,3358,536,843,182,19,155,443,359,15,738,39,12,30,66,91,29,0.251,0.328,0.455,0.783,*4/6HD,MIN
64,Starling Marte\martest01,22.4,2012,2018,23-29,681,2821,2571,381,738,129,32,66,267,141,10,613,87,12,10,43,182,58,0.287,0.344,0.439,0.783,*78/H,PIT
65,Josh Reddick\reddijo01,22.2,2009,2018,22-31,925,3494,3152,444,835,165,27,111,434,285,17,579,7,4,33,49,48,15,0.265,0.324,0.44,0.764,*9/7H8D3,BOS-OAK-LAD-HOU
66,Todd Frazier\frazito01,21.9,2011,2018,25-32,943,3792,3366,470,824,167,12,175,502,339,10,824,52,4,31,75,62,31,0.245,0.321,0.458,0.778,*5/3HD7649,CIN-CHW-NYY-NYM
67,Kevin Kiermaier\kiermke01,21.5,2013,2018,23-28,469,1764,1610,210,417,76,25,47,151,120,5,351,17,11,6,18,60,19,0.259,0.316,0.425,0.741,*8/9H7D,TBR
68,Matt Kemp\kempma01,21.1,2006,2018,21-33,1547,6304,5744,866,1638,309,37,259,921,469,66,1472,25,1,64,163,183,63,0.285,0.338,0.487,0.825,*897/HD,LAD-SDP-ATL
69,Matt Carpenter\carpema01,20.9,2011,2018,25-32,870,3667,3098,546,857,223,25,98,406,483,20,666,40,10,36,31,15,15,0.277,0.377,0.46,0.837,*534/H97D,STL
70,Yoenis Cespedes\cespeyo01,20.8,2012,2018,26-32,793,3326,3041,458,834,166,24,157,502,229,32,686,30,0,26,66,40,20,0.274,0.329,0.5,0.828,*78/DH,OAK-BOS-DET-NYM
71,Alexei Ramirez\ramiral03,20.8,2008,2016,26-34,1371,5505,5134,601,1387,249,17,115,590,263,18,650,30,36,42,139,143,63,0.27,0.307,0.392,0.7,*64/H8D915,CHW-TBR-SDP
72,Brandon Crawford\crawfbr01,20.7,2011,2018,24-31,959,3586,3219,363,811,170,34,74,425,296,46,702,26,6,39,71,24,21,0.252,0.316,0.395,0.711,*6/H,SFG
73,Neil Walker\walkene01,20.6,2009,2018,23-32,1065,4356,3880,523,1056,205,20,130,524,379,23,757,49,10,38,86,29,22,0.272,0.341,0.436,0.777,*4/H35D,PIT-NYM-MIL-NYY
74,Jason Kipnis\kipnija01,20.2,2011,2018,24-31,859,3763,3325,478,890,202,21,88,390,352,13,714,29,20,37,64,121,30,0.268,0.34,0.42,0.76,*4/DH8,CLE
75,Brandon Belt\beltbr01,20,2011,2018,23-30,821,3169,2754,389,739,182,27,99,371,373,20,757,24,1,17,28,36,16,0.268,0.359,0.462,0.82,*3/7H9,SFG
76,Colby Rasmus\rasmuco01,20,2009,2018,22-31,1080,4090,3677,532,887,183,21,165,490,360,23,1098,18,13,22,44,35,17,0.241,0.31,0.437,0.747,*87/H9D,STL-TOR-HOU-TBR-BAL
77,Jonathan Lucroy\lucrojo01,19.8,2010,2018,24-32,980,3810,3435,411,966,186,22,96,459,311,18,544,27,6,31,107,30,9,0.281,0.343,0.432,0.775,*2/H3D,MIL-TEX-COL-OAK
78,Salvador Perez\perezsa02,19.8,2011,2017,21-27,813,3193,3027,329,822,154,10,114,423,114,17,491,26,0,25,112,3,0,0.272,0.301,0.442,0.743,*2/DH3,KCR
79,Kris Bryant\bryankr01,19.7,2015,2018,23-26,462,2046,1737,323,501,107,12,95,279,252,10,486,43,0,14,18,28,14,0.288,0.389,0.528,0.917,*5/7938HD6,CHC
80,Daniel Murphy\murphda08,19.7,2008,2017,23-32,1189,4794,4419,604,1323,318,28,110,599,305,51,574,23,7,40,106,64,24,0.299,0.345,0.459,0.804,*43H/57D,NYM-WSN
81,Justin Turner\turneju01,19.6,2009,2017,24-32,834,2852,2527,336,730,170,7,79,353,235,11,415,61,5,24,69,30,9,0.289,0.36,0.455,0.816,*5H4/63D7,BAL-NYM-LAD
82,Jay Bruce\bruceja01,19.4,2008,2018,21-31,1421,5832,5229,754,1300,274,29,278,843,530,66,1382,27,3,42,90,63,37,0.249,0.319,0.472,0.79,*9/H837D,CIN-NYM-CLE
83,Dexter Fowler\fowlede01,19.3,2008,2018,22-32,1188,4905,4184,694,1116,218,81,97,405,620,15,1084,39,42,20,48,134,61,0.267,0.365,0.427,0.792,*8H/9D,COL-HOU-CHC-STL
84,Michael Brantley\brantmi02,19.1,2009,2017,22-30,908,3852,3485,454,1019,212,17,70,452,303,31,419,19,11,34,77,106,27,0.292,0.349,0.423,0.772,*78/DH,CLE
85,Christian Yelich\yelicch01,18.6,2013,2018,21-26,649,2839,2504,375,729,148,14,60,298,301,14,585,16,3,14,60,72,18,0.291,0.369,0.433,0.802,*78/H9D,MIA-MIL
86,Pablo Sandoval\sandopa01,18.3,2008,2018,21-31,1080,4331,3956,469,1120,228,20,126,545,302,51,595,25,2,46,127,11,13,0.283,0.334,0.446,0.781,*5/3H2D4,BOS-SFG
87,Chris Davis\davisch02,17.9,2008,2018,22-32,1174,4729,4174,638,1022,204,5,267,694,475,48,1510,48,1,31,51,17,11,0.245,0.327,0.488,0.815,*3D/59H71,TEX-BAL
88,Kurt Suzuki\suzukku01,17.8,2007,2018,23-34,1291,4937,4470,471,1150,240,6,102,569,308,21,580,85,24,50,118,19,10,0.257,0.314,0.382,0.696,*2/HD,OAK-WSN-MIN-ATL
89,A.J. Pollock\polloaj01,17.5,2012,2018,24-30,530,2079,1892,310,542,128,25,53,203,158,3,316,12,5,12,39,92,21,0.286,0.343,0.465,0.808,*8/H79D,ARI
90,Matt Wieters\wietema01,17.4,2009,2018,23-32,1007,3942,3563,399,898,177,5,127,489,325,27,746,15,2,37,93,8,2,0.252,0.314,0.411,0.726,*2/HD3,BAL-WSN
91,Ian Desmond\desmoia01,17.1,2009,2018,23-32,1183,4866,4467,581,1196,226,25,141,565,300,12,1143,35,31,33,104,158,47,0.268,0.317,0.424,0.741,*68/73H49,WSN-TEX-COL
92,Jose Abreu\abreujo02,17,2014,2018,27-31,619,2687,2439,334,734,145,12,126,413,173,39,518,57,0,18,73,6,3,0.301,0.359,0.525,0.884,*3D/H,CHW
93,Anthony Rendon\rendoan01,16.8,2013,2018,23-28,640,2718,2381,369,666,159,10,79,332,277,13,446,28,4,28,38,38,14,0.28,0.358,0.454,0.812,*54/H6,WSN
94,Carlos Correa\correca01,16.6,2015,2018,20-23,367,1596,1405,217,408,86,5,68,256,171,12,313,8,0,12,34,30,8,0.29,0.368,0.504,0.872,*6/HD,HOU
95,Zack Cozart\cozarza01,16.6,2011,2018,25-32,750,3063,2800,379,712,146,23,84,284,196,9,495,20,23,24,62,21,4,0.254,0.305,0.413,0.718,*6/H4D5,CIN-LAA
96,Chris Young\youngch04,16.6,2006,2018,22-34,1413,5192,4601,651,1090,286,23,185,577,509,16,1158,35,16,31,59,140,46,0.237,0.316,0.43,0.745,*87H9/D,ARI-OAK-NYM-NYY-BOS-LAA
97,Adam Eaton\eatonad02,16.3,2012,2018,23-29,549,2445,2163,358,619,106,35,38,195,212,4,408,43,18,9,19,57,28,0.286,0.36,0.42,0.78,*89/7HD,ARI-CHW-WSN
98,Chris Iannetta\iannech01,16.2,2006,2018,23-35,1039,3750,3138,395,728,158,10,124,447,511,21,887,61,8,32,61,11,10,0.232,0.347,0.407,0.755,*2/H3D5,COL-LAA-SEA-ARI
99,Francisco Lindor\lindofr01,16,2015,2018,21-24,422,1874,1671,251,487,96,11,60,218,147,9,257,10,21,25,41,48,10,0.291,0.348,0.47,0.817,*6/HD,CLE
100,George Springer\springe01,16,2014,2018,24-28,489,2202,1903,336,504,88,8,100,264,244,7,521,40,2,11,31,35,23,0.265,0.359,0.477,0.836,*98/DH,HOU
101,Yasiel Puig\puigya01,15.9,2013,2018,22-27,594,2352,2083,307,583,110,18,85,270,219,18,467,34,2,14,46,46,27,0.28,0.356,0.472,0.828,*9/8H7D,LAD
102,Ender Inciarte\inciaen01,15.4,2014,2018,23-27,544,2334,2152,309,634,97,19,24,163,147,8,279,8,15,12,27,79,29,0.295,0.34,0.391,0.731,*8/79H,ARI-ATL
103,Charlie Blackmon\blackch02,15.2,2011,2018,24-31,770,3209,2915,490,890,156,33,115,361,202,21,524,55,21,16,21,116,46,0.305,0.36,0.5,0.86,*89/7H,COL
104,Jarrod Dyson\dysonja01,15,2010,2018,25-33,665,1945,1724,270,445,62,33,12,132,156,7,316,19,35,11,26,205,37,0.258,0.325,0.353,0.678,*8H/79D,KCR-SEA-ARI
105,DJ LeMahieu\lemahdj01,14.6,2011,2018,22-29,833,3250,2937,416,887,132,29,36,291,248,20,498,13,32,20,101,70,34,0.302,0.357,0.403,0.76,*4/5H63,CHC-COL
106,Alex Avila\avilaal01,14.5,2009,2018,22-31,856,3049,2580,306,624,130,8,87,343,428,15,858,13,10,18,66,7,8,0.242,0.35,0.4,0.75,*2/H3D5,DET-CHW-CHC-ARI
107,Eric Hosmer\hosmeer01,14.2,2011,2018,21-28,1054,4424,4018,549,1139,210,16,127,568,364,33,722,11,2,29,106,60,19,0.283,0.342,0.439,0.781,*3/HD9,KCR-SDP
108,Miguel Montero\montemi01,14.2,2006,2018,22-34,1184,4343,3801,458,973,197,7,126,550,446,56,881,54,5,37,106,5,9,0.256,0.34,0.411,0.751,*2H/D13,ARI-CHC-TOR-WSN
109,Jose Ramirez\ramirjo01,14.2,2013,2018,20-25,490,1925,1737,274,498,126,15,49,205,147,6,208,9,19,13,32,59,18,0.287,0.343,0.461,0.804,546/7HD,CLE
110,Starlin Castro\castrst01,14.1,2010,2018,20-28,1160,4884,4576,524,1290,234,33,99,500,238,26,803,35,7,28,133,81,45,0.282,0.32,0.412,0.733,*64/HD,CHC-NYY-MIA
111,Marcell Ozuna\ozunama01,14.1,2013,2018,22-27,659,2714,2499,321,691,124,17,97,366,191,8,601,10,1,13,57,11,11,0.277,0.329,0.456,0.785,*87/9HD,MIA-STL
112,J.D. Martinez\martijd02,14,2011,2018,23-30,777,3145,2853,393,811,169,14,152,478,250,23,794,14,0,26,87,16,10,0.284,0.342,0.513,0.855,*97/DH,HOU-DET-ARI-BOS
113,Matthew Joyce\joycema01,13.9,2008,2018,23-33,1106,3683,3152,452,764,184,15,131,445,459,25,784,30,2,40,65,34,21,0.242,0.34,0.435,0.775,97HD/8,DET-TBR-LAA-PIT-OAK
114,Jean Segura\segurje01,13.8,2012,2018,22-28,762,3217,2997,397,851,127,33,54,255,155,15,457,34,20,10,67,152,47,0.284,0.325,0.402,0.728,*64/H,LAA-MIL-ARI-SEA
115,David Freese\freesda01,13.7,2009,2018,26-35,995,3741,3325,409,910,172,5,92,457,324,10,862,67,4,21,117,8,11,0.274,0.348,0.411,0.76,*5/H3D42,STL-LAA-PIT
116,Josh Harrison\harrijo05,13.6,2011,2018,23-30,750,2669,2470,330,696,143,26,45,234,106,4,393,49,25,19,39,72,27,0.282,0.322,0.415,0.737,45H/976D1,PIT
117,Corey Seager\seageco01,13.3,2015,2018,21-24,335,1440,1290,209,390,81,6,52,167,136,11,287,9,0,5,30,9,5,0.302,0.372,0.495,0.867,*6/H5D,LAD
118,Jon Jay\jayjo02,13.2,2010,2018,25-33,992,3494,3097,441,893,157,18,33,287,244,22,579,88,45,19,78,52,31,0.288,0.355,0.383,0.738,*89H7/D1,STL-SDP-CHC-KCR
119,Kole Calhoun\calhoko01,12.9,2012,2018,24-30,684,2826,2534,371,659,120,15,89,323,244,6,577,22,4,22,37,19,10,0.26,0.328,0.425,0.752,*9/H37D,LAA
120,Logan Forsythe\forsylo01,12.8,2011,2018,24-31,743,2743,2422,313,602,116,12,62,240,254,8,567,41,5,21,56,37,16,0.249,0.328,0.383,0.711,*45/HD3679,SDP-TBR-LAD
121,Jed Lowrie\lowrije01,12.8,2008,2018,24-34,959,3847,3420,444,894,225,16,81,415,363,17,622,19,8,37,73,7,3,0.261,0.332,0.408,0.74,*645/HD3,BOS-HOU-OAK
122,Kendrys Morales\moralke01,12.6,2006,2018,23-35,1185,4700,4287,522,1155,240,6,190,673,342,34,862,41,0,30,149,4,12,0.269,0.327,0.461,0.788,*D3/H9,LAA-SEA-MIN-KCR-TOR
123,Cameron Maybin\maybica01,12.3,2007,2018,20-31,916,3492,3147,467,804,137,31,56,289,293,10,742,21,18,13,71,165,45,0.255,0.322,0.372,0.694,*8/H79D,FLA-SDP-ATL-DET-HOU-LAA-MIA
124,Kevin Pillar\pillake01,11.9,2013,2018,24-29,555,2102,1964,243,519,118,5,41,173,94,1,334,20,12,12,38,58,19,0.264,0.303,0.392,0.695,*8/7H9D,TOR
125,Welington Castillo\castiwe01,11.8,2010,2018,23-31,610,2290,2082,218,538,108,1,82,287,159,9,578,30,3,16,53,4,0,0.258,0.318,0.429,0.747,*2/HD3,CHC-SEA-ARI-BAL-CHW
126,Didi Gregorius\gregodi01,11.8,2012,2018,22-28,641,2498,2291,288,613,113,13,69,279,141,11,361,30,13,21,25,18,8,0.268,0.316,0.419,0.734,*6/H45D,CIN-ARI-NYY
127,Juan Lagares\lagarju01,11.8,2013,2018,24-29,557,1780,1653,181,428,84,17,20,146,81,8,354,18,15,13,29,37,15,0.259,0.299,0.367,0.665,*8/H97,NYM
128,Rajai Davis\davisra01,11.7,2006,2018,25-37,1322,4373,4030,601,1063,218,42,60,373,256,5,792,42,18,27,77,396,100,0.264,0.313,0.383,0.696,*87H9/D4,SFG-PIT-OAK-TOR-DET-BOS-CLE
129,Jason Castro\castrja01,11.4,2010,2018,23-31,731,2689,2388,290,556,136,9,73,260,262,10,733,19,5,15,52,5,2,0.233,0.312,0.389,0.701,*2/HD3,HOU-MIN
130,Mike Moustakas\moustmi01,11.3,2011,2018,22-29,840,3335,3054,345,768,164,5,119,380,215,14,517,32,8,26,71,11,9,0.251,0.305,0.425,0.73,*5/DH,KCR
131,Xander Bogaerts\bogaexa01,11,2013,2018,20-25,629,2685,2450,365,695,137,11,52,286,191,8,497,23,5,16,59,41,10,0.284,0.339,0.412,0.751,*6/5H,BOS
132,Jackie Bradley\bradlja02,11,2013,2018,23-28,532,1987,1762,261,419,92,16,57,233,182,10,491,29,2,12,35,31,5,0.238,0.317,0.405,0.723,*8/97HD,BOS
133,Dee Gordon\gordode01,10.8,2011,2018,23-30,716,3041,2848,426,838,94,40,12,162,138,5,461,20,18,15,26,281,81,0.294,0.33,0.368,0.698,*46/H8,LAD-MIA-SEA
134,Alcides Escobar\escobal02,10.7,2008,2018,21-31,1301,5185,4835,553,1258,203,52,37,408,203,16,704,41,77,29,96,166,42,0.26,0.294,0.347,0.641,*6/H798,MIL-KCR
135,Cliff Pennington\pennicl01,10.6,2008,2018,24-34,957,3113,2773,323,675,120,21,36,242,263,8,607,15,42,20,39,84,28,0.243,0.31,0.341,0.651,*64H/57D3,OAK-ARI-TOR-LAA-CIN
136,Wilson Ramos\ramoswi01,10.6,2010,2018,22-30,654,2552,2367,244,631,99,1,94,356,151,19,427,5,4,22,97,0,3,0.267,0.309,0.428,0.738,*2/HD,MIN-WSN-TBR
137,Odubel Herrera\herreod01,10.5,2015,2018,23-26,448,1774,1620,220,466,94,12,37,147,124,11,391,18,7,5,25,50,20,0.288,0.344,0.429,0.773,*8/H,PHI
138,Gerardo Parra\parrage01,10.4,2009,2018,22-31,1210,4464,4107,534,1138,234,41,74,423,264,43,759,28,32,33,97,77,47,0.277,0.323,0.408,0.731,798H/3D,ARI-MIL-BAL-COL
139,Yasmani Grandal\grandya01,10.3,2012,2018,23-29,592,2165,1860,234,448,88,3,90,274,279,6,517,8,2,16,53,4,5,0.241,0.34,0.437,0.776,*2/H3D,SDP-LAD
140,Leonys Martin\martile01,10.2,2011,2018,23-30,625,2201,2001,257,494,73,19,38,178,142,5,488,17,27,14,29,115,37,0.247,0.3,0.359,0.66,*8/H97D1,TEX-SEA-CHC-DET
141,Jonathan Schoop\schoojo01,10.1,2013,2018,21-26,556,2170,2041,265,539,111,1,90,273,80,0,490,31,6,12,60,6,2,0.264,0.3,0.452,0.752,*4/5H6,BAL
142,Addison Russell\russead02,10,2015,2018,21-24,408,1534,1375,181,331,78,7,46,193,130,13,378,20,1,8,25,12,5,0.241,0.314,0.408,0.722,*6/4H,CHC
143,Francisco Cervelli\cervefr01,9.5,2008,2018,22-32,567,2017,1752,220,480,79,12,23,203,201,3,369,34,17,13,52,13,10,0.274,0.358,0.372,0.73,*2/H3D54,NYY-PIT
144,Marwin Gonzalez\gonzama01,9.5,2012,2018,23-29,657,2183,2001,243,534,116,5,61,228,129,5,425,18,30,5,54,35,23,0.267,0.316,0.421,0.738,63/H574D98,HOU
145,Peter Bourjos\bourjpe01,9.4,2010,2018,23-31,819,2248,2034,277,489,88,36,42,164,132,7,535,36,36,10,34,66,32,0.24,0.297,0.381,0.678,*8H9/7D,LAA-STL-PHI-TBR-ATL
146,Khris Davis\daviskh01,9.2,2013,2018,25-30,631,2438,2177,330,540,117,7,146,379,206,2,648,32,0,23,66,18,5,0.248,0.319,0.509,0.829,*7/DH,MIL-OAK
147,Luis Valbuena\valbulu01,9.2,2008,2018,22-32,922,3309,2906,358,661,161,9,106,336,357,14,693,18,9,19,55,8,16,0.227,0.314,0.398,0.712,*54/H36D7,SEA-CLE-CHC-HOU-LAA
148,Yan Gomes\gomesya01,9.1,2012,2018,24-30,544,2004,1845,219,448,95,6,72,263,104,4,499,30,2,23,55,2,0,0.243,0.291,0.418,0.709,*2/3HD57,TOR-CLE
149,Mark Trumbo\trumbma01,9.1,2010,2017,24-31,995,4030,3726,490,927,167,11,201,582,273,20,1005,14,0,17,94,23,14,0.249,0.301,0.461,0.763,39D7/H5,LAA-ARI-SEA-BAL
150,Alberto Callaspo\callaal01,9.1,2006,2015,23-32,1093,3956,3556,391,941,170,14,52,369,350,20,365,6,10,34,104,22,14,0.265,0.329,0.364,0.693,*54H/D6379,ARI-KCR-LAA-OAK-LAD-ATL
151,Daric Barton\bartoda02,9.1,2007,2014,21-28,551,2085,1744,242,431,94,11,30,184,290,10,348,14,19,18,25,13,7,0.247,0.356,0.365,0.721,*3/H5,OAK
152,Lonnie Chisenhall\chiselo01,8.9,2011,2018,22-29,665,2286,2092,253,555,127,9,63,287,145,12,429,20,14,14,32,20,5,0.265,0.317,0.425,0.742,*59/HD387,CLE
153,Jedd Gyorko\gyorkje01,8.9,2013,2018,24-29,620,2353,2139,245,525,89,4,99,298,181,5,531,15,0,18,59,11,6,0.245,0.306,0.43,0.736,*45/H63D7,SDP-STL
154,Corey Dickerson\dickeco01,8.8,2013,2018,24-29,567,2123,1973,280,551,128,21,90,258,131,18,486,6,1,10,34,15,15,0.279,0.325,0.502,0.827,*7D/H89,COL-TBR-PIT
155,Steve Pearce\pearcst01,8.8,2007,2018,24-35,665,2212,1959,249,497,114,7,79,253,204,8,439,30,3,16,46,13,7,0.254,0.331,0.44,0.771,37H/9D45,PIT-NYY-HOU-BAL-TBR-TOR
156,Sean Rodriguez\rodrise01,8.8,2008,2018,23-33,960,2598,2306,299,530,114,13,72,267,185,7,670,58,33,16,54,40,18,0.23,0.301,0.384,0.686,43H657/9D8,LAA-TBR-PIT-ATL
157,J.T. Realmuto\realmjt01,8.7,2014,2017,23-26,415,1621,1511,181,423,84,13,38,169,84,7,284,15,1,10,38,28,10,0.28,0.322,0.428,0.75,*2/H3D,MIA
158,Craig Gentry\gentrcr01,8.6,2009,2018,25-34,535,1239,1092,167,284,42,12,6,93,91,6,221,32,17,5,17,83,17,0.26,0.334,0.337,0.671,*8H7/9D1,TEX-OAK-LAA-BAL
159,A.J. Ellis\ellisaj01,8.4,2008,2018,27-37,608,2128,1803,175,426,74,3,43,214,255,21,379,28,26,16,65,2,4,0.236,0.337,0.352,0.689,*2/H,LAD-PHI-MIA-SDP
160,David Peralta\peralda01,8.3,2014,2018,26-30,430,1656,1513,211,444,79,27,44,190,115,4,309,15,1,12,27,26,11,0.293,0.347,0.469,0.815,*79/H8D,ARI
161,Trevor Plouffe\plouftr01,8.2,2010,2017,24-31,823,3222,2921,363,707,155,10,105,376,246,5,670,25,7,23,89,12,11,0.242,0.304,0.41,0.714,*5/6D3H947,MIN-OAK-TBR
162,Gregor Blanco\blancgr01,8.1,2008,2018,24-34,995,3156,2749,376,709,112,36,24,223,352,21,603,15,25,14,33,116,38,0.258,0.344,0.351,0.695,87H9/D,ATL-KCR-SFG-ARI
163,Evan Gattis\gattiev01,8.1,2013,2018,26-31,584,2237,2059,253,519,103,12,114,335,137,16,482,23,0,18,54,2,3,0.252,0.304,0.48,0.783,D2/7H3,ATL-HOU
164,Marcus Semien\semiema01,8.1,2013,2018,22-27,491,1972,1800,231,444,85,12,60,197,156,2,460,4,5,7,38,38,10,0.247,0.307,0.407,0.714,*6/54HD,CHW-OAK
165,Billy Hamilton\hamilbi02,7.9,2013,2018,22-27,540,2197,2003,292,493,72,25,17,133,145,0,429,3,35,11,16,243,53,0.246,0.296,0.333,0.629,*8/HD,CIN
166,Robinson Chirinos\chiriro01,7.8,2011,2018,27-34,355,1203,1053,143,246,61,2,50,141,102,1,284,27,11,10,19,1,2,0.234,0.315,0.438,0.752,*2/HD35,TBR-TEX
167,Aaron Judge\judgeaa01,7.7,2016,2018,24-26,188,804,651,144,176,27,3,58,128,142,11,258,6,0,5,20,9,5,0.27,0.403,0.588,0.991,*9/DH8,NYY
168,Wil Myers\myerswi01,7.7,2013,2018,22-27,550,2324,2063,307,523,108,8,86,286,232,13,578,11,0,18,49,64,17,0.254,0.33,0.439,0.768,*39/8DH745,TBR-SDP
169,Yonder Alonso\alonsyo01,7.6,2010,2018,23-31,812,2889,2576,298,690,150,2,69,311,279,25,461,12,1,21,72,22,7,0.268,0.34,0.408,0.748,*3/H75D4,CIN-SDP-OAK-SEA-CLE
170,Lucas Duda\dudalu01,7.6,2010,2018,24-32,815,3106,2675,346,646,153,3,139,410,356,30,746,52,1,22,44,5,7,0.241,0.339,0.457,0.796,*397/HD,NYM-TBR-KCR
171,Jake Marisnick\marisja01,7.6,2013,2018,22-27,467,1316,1205,167,274,53,6,36,120,68,4,381,18,15,10,15,58,22,0.227,0.277,0.371,0.648,*8/H97D,MIA-HOU
172,Tommy Pham\phamth01,7.6,2014,2018,26-30,270,920,786,155,221,38,7,38,110,114,2,240,13,3,4,24,31,10,0.281,0.379,0.492,0.872,*78/H9,STL
173,Danny Espinosa\espinda01,7.6,2010,2017,23-30,872,3267,2910,367,644,139,12,98,316,242,32,943,78,20,17,35,64,24,0.221,0.297,0.378,0.675,*46/H537D,WSN-SEA-TBR-LAA
174,Scooter Gennett\gennesc01,7.5,2013,2018,23-28,601,2155,2008,265,571,114,13,62,258,112,12,406,11,14,9,48,20,10,0.284,0.324,0.447,0.771,*4/H579D1,MIL-CIN
175,Jordy Mercer\mercejo03,7.5,2012,2018,25-31,708,2580,2331,250,597,122,13,49,239,193,47,411,20,21,15,55,11,11,0.256,0.317,0.383,0.699,*6/H4539,PIT
176,Travis Shaw\shawtr01,7.4,2015,2018,25-28,360,1414,1273,181,333,82,3,60,212,122,12,335,9,1,9,31,15,2,0.262,0.328,0.472,0.8,*53/HD7,BOS-MIL
177,Kolten Wong\wongko01,7.4,2013,2018,22-27,530,1896,1700,223,432,77,17,32,168,136,18,295,40,6,14,31,53,14,0.254,0.322,0.376,0.698,*4/H879,STL
178,Tyler Flowers\flowety01,7.3,2009,2018,23-32,614,2090,1865,192,448,85,2,66,232,153,3,637,57,4,11,41,2,6,0.24,0.315,0.394,0.71,*2/H3D,CHW-ATL
179,Byron Buxton\buxtoby01,7.2,2015,2018,21-24,283,1003,912,129,216,41,13,28,97,67,2,321,8,11,5,4,43,5,0.237,0.293,0.402,0.696,*8/HD,MIN
180,Randal Grichuk\grichra01,7.2,2014,2018,22-26,411,1413,1314,180,323,83,14,67,184,84,5,424,9,1,5,28,15,9,0.246,0.295,0.483,0.778,879/H,STL-TOR
181,Nick Hundley\hundlni01,7.2,2008,2018,24-34,850,3002,2751,281,685,153,17,81,340,196,16,707,17,10,28,54,13,16,0.249,0.3,0.405,0.705,*2/H7D,SDP-BAL-COL-SFG
182,Yangervis Solarte\solarya01,7.2,2014,2018,26-30,525,2083,1886,225,504,101,6,58,248,156,7,241,20,5,16,54,5,2,0.267,0.327,0.419,0.747,*54/3H67D,NYY-SDP-TOR
183,Joe Panik\panikjo01,7.1,2014,2018,23-27,444,1843,1647,221,467,86,16,32,173,153,9,178,14,11,18,37,12,3,0.284,0.346,0.413,0.76,*4/H,SFG
184,Gary Sanchez\sanchga02,7,2015,2018,22-25,183,783,700,115,193,33,0,54,135,64,3,183,13,0,6,16,3,1,0.276,0.345,0.554,0.899,*2/DH3,NYY
185,Jose Iglesias\iglesjo01,6.8,2011,2018,21-28,535,1943,1790,208,480,95,6,16,141,95,3,241,29,20,9,38,31,19,0.268,0.314,0.355,0.669,*6/5HD4,BOS-DET
186,Ben Revere\reverbe01,6.8,2010,2017,22-29,857,3343,3138,400,892,88,37,7,198,151,3,308,14,28,12,61,211,53,0.284,0.319,0.343,0.661,*879/HD,MIN-PHI-TOR-WSN-LAA
187,Stephen Vogt\vogtst01,6.8,2012,2017,27-32,521,1808,1643,181,413,82,9,57,218,139,13,305,7,3,16,21,1,4,0.251,0.31,0.416,0.726,*2/H3D97,TBR-OAK-MIL
188,Mitch Moreland\morelmi01,6.7,2010,2018,24-32,928,3348,3013,372,758,159,3,132,433,269,30,709,31,6,29,68,8,5,0.252,0.317,0.438,0.754,*3/HD971,TEX-BOS
189,Eugenio Suarez\suareeu01,6.6,2014,2018,22-26,501,1955,1732,244,446,78,8,65,225,178,2,466,25,9,11,37,22,13,0.258,0.334,0.424,0.758,*56/HD,DET-CIN
190,Pedro Alvarez\alvarpe01,6.5,2010,2018,23-31,868,3203,2876,347,684,129,6,154,454,300,31,918,11,1,15,69,15,3,0.238,0.311,0.447,0.758,*53D/H,PIT-BAL
191,Jung Ho Kang\kangju01,6.5,2015,2016,28-29,229,837,739,105,202,43,2,36,120,64,1,178,31,0,3,21,8,5,0.273,0.355,0.483,0.838,*5/6HD,PIT
192,Cesar Hernandez\hernace02,6.4,2013,2018,23-28,515,1935,1721,242,490,68,21,18,123,190,7,372,9,10,5,24,54,28,0.285,0.358,0.38,0.738,*4/H586,PHI
193,Michael Conforto\confomi01,6.3,2015,2018,22-25,275,987,855,142,219,55,2,49,138,111,7,243,14,0,7,14,4,2,0.256,0.349,0.497,0.846,*7/8H9D,NYM
194,Matt Duffy\duffyma01,6.3,2014,2018,23-27,279,1069,993,125,278,45,8,18,117,54,0,168,11,5,6,37,21,6,0.28,0.322,0.396,0.718,*5/H643D,SFG-TBR
195,Trea Turner\turnetr01,6.3,2015,2018,22-25,204,847,785,136,237,39,14,26,87,54,0,158,5,0,3,5,84,16,0.302,0.349,0.487,0.836,*6/84H,WSN
196,Steven Souza\souzast01,6.2,2014,2017,25-28,399,1537,1349,197,318,53,4,65,169,164,2,489,17,3,4,22,35,16,0.236,0.325,0.426,0.751,*9/HD87,WSN-TBR
197,Brad Miller\millebr02,6,2013,2018,23-28,611,2274,2018,250,480,90,23,69,241,217,6,514,10,9,18,21,33,16,0.238,0.312,0.408,0.72,*64/H3D8759,SEA-TBR
198,Gordon Beckham\beckhgo01,6,2009,2017,22-30,964,3492,3136,388,751,173,5,74,335,249,6,591,50,27,30,82,31,19,0.239,0.303,0.369,0.672,*45/H6D,CHW-LAA-ATL-SFG-SEA
199,Aaron Hicks\hicksaa01,5.9,2013,2018,23-28,459,1654,1451,193,337,61,7,43,161,175,3,343,7,8,13,23,39,18,0.232,0.315,0.373,0.688,*89/7HD,MIN-NYY
200,Devon Travis\travide01,5.9,2015,2018,24-27,218,889,832,114,238,64,1,24,110,46,0,177,4,2,4,15,11,4,0.286,0.325,0.452,0.777,*4/HD,TOR